Company Name,URL
Main Page,https://en.wikipedia.org/wiki/Main_Page
Wikipedia:Contents,https://en.wikipedia.org/wiki/Wikipedia:Contents
Portal:Current Events,https://en.wikipedia.org/wiki/Portal:Current_events
Special:Random,https://en.wikipedia.org/wiki/Special:Random
Wikipedia:About,https://en.wikipedia.org/wiki/Wikipedia:About
Help:Contents,https://en.wikipedia.org/wiki/Help:Contents
Help:Introduction,https://en.wikipedia.org/wiki/Help:Introduction
Wikipedia:Community Portal,https://en.wikipedia.org/wiki/Wikipedia:Community_portal
Special:Recentchanges,https://en.wikipedia.org/wiki/Special:RecentChanges
Wikipedia:File Upload Wizard,https://en.wikipedia.org/wiki/Wikipedia:File_upload_wizard
Main Page,https://en.wikipedia.org/wiki/Main_Page
Special:Search,https://en.wikipedia.org/wiki/Special:Search
Help:Introduction,https://en.wikipedia.org/wiki/Help:Introduction
Special:Mycontributions,https://en.wikipedia.org/wiki/Special:MyContributions
Special:Mytalk,https://en.wikipedia.org/wiki/Special:MyTalk
Wikipedia:Wikiproject Companies,https://en.wikipedia.org/wiki/Wikipedia:WikiProject_Companies
Wikipedia Talk:Wikiproject Companies,https://en.wikipedia.org/wiki/Wikipedia_talk:WikiProject_Companies
Wikipedia:Wikiproject Companies,https://en.wikipedia.org/wiki/Wikipedia:WikiProject_Companies
Wikipedia:Wikiproject Companies,https://en.wikipedia.org/wiki/Wikipedia:WikiProject_Companies
Wikipedia:Wikiproject Companies,https://en.wikipedia.org/wiki/Special:WhatLinksHere/Wikipedia:WikiProject_Companies
Wikipedia:Wikiproject Companies,https://en.wikipedia.org/wiki/Special:RecentChangesLinked/Wikipedia:WikiProject_Companies
Wikipedia:File Upload Wizard,https://en.wikipedia.org/wiki/Wikipedia:File_Upload_Wizard
Special:Specialpages,https://en.wikipedia.org/wiki/Special:SpecialPages
Wikipedia:Notability (Organizations And Companies),https://en.wikipedia.org/wiki/Wikipedia:Notability_(organizations_and_companies)
File:People Icon.Svg,https://en.wikipedia.org/wiki/File:People_icon.svg
Wikipedia:Wikiproject,https://en.wikipedia.org/wiki/Wikipedia:WikiProject
Guide,https://en.wikipedia.org/wiki/Wikipedia:WikiProject_Council/Guide
Directory,https://en.wikipedia.org/wiki/Wikipedia:WikiProject_Council/Directory
File:Factory 1B.Png,https://en.wikipedia.org/wiki/File:Factory_1b.png
Wikipedia:Shortcut,https://en.wikipedia.org/wiki/Wikipedia:Shortcut
Portal:Companies,https://en.wikipedia.org/wiki/Portal:Companies
Wikipedia:Wikiproject,https://en.wikipedia.org/wiki/Wikipedia:WikiProject
Assessment,https://en.wikipedia.org/wiki/Wikipedia:WikiProject_Companies/Assessment
Guidelines,https://en.wikipedia.org/wiki/Wikipedia:WikiProject_Companies/Guidelines
Popular Pages,https://en.wikipedia.org/wiki/Wikipedia:WikiProject_Companies/Popular_pages
Participants,https://en.wikipedia.org/wiki/Wikipedia:WikiProject_Companies/Participants
Portal:Companies,https://en.wikipedia.org/wiki/Portal:Companies
Taskforce,https://en.wikipedia.org/wiki/Wikipedia:WikiProject_Companies/TaskForce
Template:Wikiproject Companies,https://en.wikipedia.org/wiki/Template:WikiProject_Companies
To Do,https://en.wikipedia.org/wiki/Wikipedia:WikiProject_Companies/to_do
Template:Wikiproject Companies,https://en.wikipedia.org/wiki/Template:WikiProject_Companies
Template:Portal,https://en.wikipedia.org/wiki/Template:Portal
Wikipedia:Corp,https://en.wikipedia.org/wiki/Wikipedia:CORP
Template:Infobox Company,https://en.wikipedia.org/wiki/Special:WhatLinksHere/Template:Infobox_company
Wikipedia:Corp,https://en.wikipedia.org/wiki/Wikipedia:CORP
Company,https://en.wikipedia.org/wiki/Company
Wikipedia:Good Articles,https://en.wikipedia.org/wiki/Wikipedia:Good_articles
Wikipedia:Featured Articles,https://en.wikipedia.org/wiki/Wikipedia:Featured_articles
To Do,https://en.wikipedia.org/wiki/Wikipedia:WikiProject_Companies/to_do
Wikipedia:Bfaq,https://en.wikipedia.org/wiki/Wikipedia:BFAQ
Intro,https://en.wikipedia.org/wiki/Wikipedia:WikiProject_Companies/Intro
Company Articles By Quality Log,https://en.wikipedia.org/wiki/Wikipedia:Version_1.0_Editorial_Team/Company_articles_by_quality_log
Company Articles By Quality Statistics,https://en.wikipedia.org/wiki/Wikipedia:Version_1.0_Editorial_Team/Company_articles_by_quality_statistics
Company,https://en.wikipedia.org/wiki/User:WP_1.0_bot/Tables/Project/Company
Category:Top-Importance Company Articles,https://en.wikipedia.org/wiki/Category:Top-importance_company_articles
Category:High-Importance Company Articles,https://en.wikipedia.org/wiki/Category:High-importance_company_articles
Category:Mid-Importance Company Articles,https://en.wikipedia.org/wiki/Category:Mid-importance_company_articles
Category:Low-Importance Company Articles,https://en.wikipedia.org/wiki/Category:Low-importance_company_articles
Category:Na-Importance Company Articles,https://en.wikipedia.org/wiki/Category:NA-importance_company_articles
Category:Unknown-Importance Company Articles,https://en.wikipedia.org/wiki/Category:Unknown-importance_company_articles
File:Featured Article Star.Svg,https://en.wikipedia.org/wiki/File:Featured_article_star.svg
Category:Fa-Class Company Articles,https://en.wikipedia.org/wiki/Category:FA-Class_company_articles
File:Featured Article Star.Svg,https://en.wikipedia.org/wiki/File:Featured_article_star.svg
Category:Fl-Class Company Articles,https://en.wikipedia.org/wiki/Category:FL-Class_company_articles
Category:Ga-Class Company Articles,https://en.wikipedia.org/wiki/Category:GA-Class_company_articles
Category:B-Class Company Articles,https://en.wikipedia.org/wiki/Category:B-Class_company_articles
Category:C-Class Company Articles,https://en.wikipedia.org/wiki/Category:C-Class_company_articles
Category:Start-Class Company Articles,https://en.wikipedia.org/wiki/Category:Start-Class_company_articles
Category:Stub-Class Company Articles,https://en.wikipedia.org/wiki/Category:Stub-Class_company_articles
Category:List-Class Company Articles,https://en.wikipedia.org/wiki/Category:List-Class_company_articles
Category:Category-Class Company Articles,https://en.wikipedia.org/wiki/Category:Category-Class_company_articles
Category:Disambig-Class Company Articles,https://en.wikipedia.org/wiki/Category:Disambig-Class_company_articles
Category:File-Class Company Articles,https://en.wikipedia.org/wiki/Category:File-Class_company_articles
Category:Portal-Class Company Articles,https://en.wikipedia.org/wiki/Category:Portal-Class_company_articles
Category:Project-Class Company Articles,https://en.wikipedia.org/wiki/Category:Project-Class_company_articles
Category:Redirect-Class Company Articles,https://en.wikipedia.org/wiki/Category:Redirect-Class_company_articles
Category:Template-Class Company Articles,https://en.wikipedia.org/wiki/Category:Template-Class_company_articles
Category:Na-Class Company Articles,https://en.wikipedia.org/wiki/Category:NA-Class_company_articles
Category:Draft-Class Company Articles,https://en.wikipedia.org/wiki/Category:Draft-Class_company_articles
Category:Unassessed Company Articles,https://en.wikipedia.org/wiki/Category:Unassessed_company_articles
Faq,https://en.wikipedia.org/wiki/User:WP_1.0_bot/WikiWork/faq
Milestones,https://en.wikipedia.org/wiki/Wikipedia:WikiProject_Companies/Milestones
Accountancy Taskforce,https://en.wikipedia.org/wiki/Wikipedia:WikiProject_Business/Accountancy_Taskforce
Wikipedia:Wikiproject Business,https://en.wikipedia.org/wiki/Wikipedia:WikiProject_Business
Wikipedia:Wikiproject Brands,https://en.wikipedia.org/wiki/Wikipedia:WikiProject_Brands
Wikipedia:Wikiproject Cooperatives,https://en.wikipedia.org/wiki/Wikipedia:WikiProject_Cooperatives
Business,https://en.wikipedia.org/wiki/Wikipedia:WikiProject_Deletion_sorting/Business
Wikipedia:Wikiproject Economics,https://en.wikipedia.org/wiki/Wikipedia:WikiProject_Economics
Wikipedia:Wikiproject Finance,https://en.wikipedia.org/wiki/Wikipedia:WikiProject_Finance
Wikipedia:Wikiproject International Development,https://en.wikipedia.org/wiki/Wikipedia:WikiProject_International_development
Wikipedia:Wikiproject Investment,https://en.wikipedia.org/wiki/Wikipedia:WikiProject_Investment
Wikipedia:Wikiproject Private Equity,https://en.wikipedia.org/wiki/Wikipedia:WikiProject_Private_Equity
Wikipedia:Wikiproject Retailing,https://en.wikipedia.org/wiki/Wikipedia:WikiProject_Retailing
Wikipedia:Wikiproject Shopping Centers,https://en.wikipedia.org/wiki/Wikipedia:WikiProject_Shopping_Centers
Wikipedia:Wikiproject Taxation,https://en.wikipedia.org/wiki/Wikipedia:WikiProject_Taxation
Wikipedia:Wikiproject Trade,https://en.wikipedia.org/wiki/Wikipedia:WikiProject_Trade
,https://en.wikipedia.org/wiki/Special:PrefixIndex/Wikipedia:WikiProject_Companies/
Companies,https://en.wikipedia.org/wiki/Wikipedia:WikiProject_Deletion_sorting/Companies
Big Motor,https://en.wikipedia.org/wiki/Big_Motor
Talk:Big Motor,https://en.wikipedia.org/wiki/Talk:Big_Motor
User:Fossilds,https://en.wikipedia.org/wiki/User:FossilDS
User Talk:Fossilds,https://en.wikipedia.org/wiki/User_talk:FossilDS
Fossilds,https://en.wikipedia.org/wiki/Special:Contributions/FossilDS
Big Motor,https://en.wikipedia.org/wiki/Template:Did_you_know_nominations/Big_Motor
Reflection Pictures Studio,https://en.wikipedia.org/wiki/Reflection_Pictures_Studio
User:Bonadea,https://en.wikipedia.org/wiki/User:Bonadea
User Talk:Bonadea,https://en.wikipedia.org/wiki/User_talk:Bonadea
Bonadea,https://en.wikipedia.org/wiki/Special:Contributions/Bonadea
Reflection Pictures Studio,https://en.wikipedia.org/wiki/Wikipedia:Articles_for_deletion/Reflection_Pictures_Studio
Fried Water Films And Entertainment,https://en.wikipedia.org/wiki/Fried_Water_Films_and_Entertainment
Talk:Fried Water Films And Entertainment,https://en.wikipedia.org/wiki/Talk:Fried_Water_Films_and_Entertainment
User:Isaidnoway,https://en.wikipedia.org/wiki/User:Isaidnoway
User Talk:Isaidnoway,https://en.wikipedia.org/wiki/User_talk:Isaidnoway
Isaidnoway,https://en.wikipedia.org/wiki/Special:Contributions/Isaidnoway
Fried Water Films And Entertainment (2Nd Nomination),https://en.wikipedia.org/wiki/Wikipedia:Articles_for_deletion/Fried_Water_Films_and_Entertainment_(2nd_nomination)
Moengage,https://en.wikipedia.org/wiki/MoEngage
Talk:Moengage,https://en.wikipedia.org/wiki/Talk:MoEngage
User:Tcbt1Csi,https://en.wikipedia.org/wiki/User:TCBT1CSI
User Talk:Tcbt1Csi,https://en.wikipedia.org/wiki/User_talk:TCBT1CSI
Tcbt1Csi,https://en.wikipedia.org/wiki/Special:Contributions/TCBT1CSI
Moengage (2Nd Nomination),https://en.wikipedia.org/wiki/Wikipedia:Articles_for_deletion/MoEngage_(2nd_nomination)
Panorays,https://en.wikipedia.org/wiki/Panorays
Talk:Panorays,https://en.wikipedia.org/wiki/Talk:Panorays
User:Brandon,https://en.wikipedia.org/wiki/User:Brandon
User Talk:Brandon,https://en.wikipedia.org/wiki/User_talk:Brandon
Brandon,https://en.wikipedia.org/wiki/Special:Contributions/Brandon
Panorays (2Nd Nomination),https://en.wikipedia.org/wiki/Wikipedia:Articles_for_deletion/Panorays_(2nd_nomination)
Justin Brock (Businessman),https://en.wikipedia.org/wiki/Justin_Brock_(businessman)
Talk:Justin Brock (Businessman),https://en.wikipedia.org/wiki/Talk:Justin_Brock_(businessman)
User:Dan Leonard,https://en.wikipedia.org/wiki/User:Dan_Leonard
User Talk:Dan Leonard,https://en.wikipedia.org/wiki/User_talk:Dan_Leonard
Dan Leonard,https://en.wikipedia.org/wiki/Special:Contributions/Dan_Leonard
Justin Brock (Businessman),https://en.wikipedia.org/wiki/Wikipedia:Articles_for_deletion/Justin_Brock_(businessman)
Arts Marketing Association,https://en.wikipedia.org/wiki/Arts_Marketing_Association
Talk:Arts Marketing Association,https://en.wikipedia.org/wiki/Talk:Arts_Marketing_Association
User:Libstar,https://en.wikipedia.org/wiki/User:LibStar
User Talk:Libstar,https://en.wikipedia.org/wiki/User_talk:LibStar
Libstar,https://en.wikipedia.org/wiki/Special:Contributions/LibStar
Arts Marketing Association,https://en.wikipedia.org/wiki/Wikipedia:Articles_for_deletion/Arts_Marketing_Association
Global Language Monitor,https://en.wikipedia.org/wiki/Global_Language_Monitor
Talk:Global Language Monitor,https://en.wikipedia.org/wiki/Talk:Global_Language_Monitor
User:Doprendek,https://en.wikipedia.org/wiki/User:Doprendek
User Talk:Doprendek,https://en.wikipedia.org/wiki/User_talk:Doprendek
Doprendek,https://en.wikipedia.org/wiki/Special:Contributions/Doprendek
Global Language Monitor (2Nd Nomination),https://en.wikipedia.org/wiki/Wikipedia:Articles_for_deletion/Global_Language_Monitor_(2nd_nomination)
Theatre Puget Sound,https://en.wikipedia.org/wiki/Theatre_Puget_Sound
Talk:Theatre Puget Sound,https://en.wikipedia.org/wiki/Talk:Theatre_Puget_Sound
User:Graywalls,https://en.wikipedia.org/wiki/User:Graywalls
User Talk:Graywalls,https://en.wikipedia.org/wiki/User_talk:Graywalls
Graywalls,https://en.wikipedia.org/wiki/Special:Contributions/Graywalls
Theatre Puget Sound,https://en.wikipedia.org/wiki/Wikipedia:Articles_for_deletion/Theatre_Puget_Sound
Culturenet Cymru,https://en.wikipedia.org/wiki/Culturenet_Cymru
Talk:Culturenet Cymru,https://en.wikipedia.org/wiki/Talk:Culturenet_Cymru
User:Sirfurboy,https://en.wikipedia.org/wiki/User:Sirfurboy
User Talk:Sirfurboy,https://en.wikipedia.org/wiki/User_talk:Sirfurboy
Sirfurboy,https://en.wikipedia.org/wiki/Special:Contributions/Sirfurboy
Culturenet Cymru,https://en.wikipedia.org/wiki/Wikipedia:Articles_for_deletion/Culturenet_Cymru
Epack Prefab,https://en.wikipedia.org/wiki/Epack_Prefab
User:Robert Mcclenon,https://en.wikipedia.org/wiki/User:Robert_McClenon
User Talk:Robert Mcclenon,https://en.wikipedia.org/wiki/User_talk:Robert_McClenon
Robert Mcclenon,https://en.wikipedia.org/wiki/Special:Contributions/Robert_McClenon
Epack Prefab,https://en.wikipedia.org/wiki/Wikipedia:Articles_for_deletion/Epack_Prefab
Article Alerts#Afd,https://en.wikipedia.org/wiki/Wikipedia:WikiProject_Companies/Article_alerts#AfD
Altman Lighting Co.,https://en.wikipedia.org/wiki/Altman_Lighting_Co.
Talk:Altman Lighting Co.,https://en.wikipedia.org/wiki/Talk:Altman_Lighting_Co.
User:Cyberwolf,https://en.wikipedia.org/wiki/User:Cyberwolf
User Talk:Cyberwolf,https://en.wikipedia.org/wiki/User_talk:Cyberwolf
Cyberwolf,https://en.wikipedia.org/wiki/Special:Contributions/Cyberwolf
Herrawi Group,https://en.wikipedia.org/wiki/Herrawi_Group
Talk:Herrawi Group,https://en.wikipedia.org/wiki/Talk:Herrawi_Group
User:Imcdc,https://en.wikipedia.org/wiki/User:Imcdc
User Talk:Imcdc,https://en.wikipedia.org/wiki/User_talk:Imcdc
Imcdc,https://en.wikipedia.org/wiki/Special:Contributions/Imcdc
Khedivial Mail S.S. Company,https://en.wikipedia.org/wiki/Khedivial_Mail_S.S._Company
Talk:Khedivial Mail S.S. Company,https://en.wikipedia.org/wiki/Talk:Khedivial_Mail_S.S._Company
User:Imcdc,https://en.wikipedia.org/wiki/User:Imcdc
User Talk:Imcdc,https://en.wikipedia.org/wiki/User_talk:Imcdc
Imcdc,https://en.wikipedia.org/wiki/Special:Contributions/Imcdc
Espace,https://en.wikipedia.org/wiki/ESpace
Talk:Espace,https://en.wikipedia.org/wiki/Talk:ESpace
User:Imcdc,https://en.wikipedia.org/wiki/User:Imcdc
User Talk:Imcdc,https://en.wikipedia.org/wiki/User_talk:Imcdc
Imcdc,https://en.wikipedia.org/wiki/Special:Contributions/Imcdc
East Mediterranean Gas Company,https://en.wikipedia.org/wiki/East_Mediterranean_Gas_Company
Talk:East Mediterranean Gas Company,https://en.wikipedia.org/wiki/Talk:East_Mediterranean_Gas_Company
User:Imcdc,https://en.wikipedia.org/wiki/User:Imcdc
User Talk:Imcdc,https://en.wikipedia.org/wiki/User_talk:Imcdc
Imcdc,https://en.wikipedia.org/wiki/Special:Contributions/Imcdc
Shotmed Paper Industries,https://en.wikipedia.org/wiki/Shotmed_Paper_Industries
Talk:Shotmed Paper Industries,https://en.wikipedia.org/wiki/Talk:Shotmed_Paper_Industries
User:Imcdc,https://en.wikipedia.org/wiki/User:Imcdc
User Talk:Imcdc,https://en.wikipedia.org/wiki/User_talk:Imcdc
Imcdc,https://en.wikipedia.org/wiki/Special:Contributions/Imcdc
Egyptalum,https://en.wikipedia.org/wiki/Egyptalum
Talk:Egyptalum,https://en.wikipedia.org/wiki/Talk:Egyptalum
User:Imcdc,https://en.wikipedia.org/wiki/User:Imcdc
User Talk:Imcdc,https://en.wikipedia.org/wiki/User_talk:Imcdc
Imcdc,https://en.wikipedia.org/wiki/Special:Contributions/Imcdc
Corona (Confectioner),https://en.wikipedia.org/wiki/Corona_(confectioner)
Talk:Corona (Confectioner),https://en.wikipedia.org/wiki/Talk:Corona_(confectioner)
User:Imcdc,https://en.wikipedia.org/wiki/User:Imcdc
User Talk:Imcdc,https://en.wikipedia.org/wiki/User_talk:Imcdc
Imcdc,https://en.wikipedia.org/wiki/Special:Contributions/Imcdc
Mo%27Men,https://en.wikipedia.org/wiki/Mo%27men
Talk:Mo%27Men,https://en.wikipedia.org/wiki/Talk:Mo%27men
User:Imcdc,https://en.wikipedia.org/wiki/User:Imcdc
User Talk:Imcdc,https://en.wikipedia.org/wiki/User_talk:Imcdc
Imcdc,https://en.wikipedia.org/wiki/Special:Contributions/Imcdc
Starworld,https://en.wikipedia.org/wiki/Starworld
Talk:Starworld,https://en.wikipedia.org/wiki/Talk:Starworld
User:Imcdc,https://en.wikipedia.org/wiki/User:Imcdc
User Talk:Imcdc,https://en.wikipedia.org/wiki/User_talk:Imcdc
Imcdc,https://en.wikipedia.org/wiki/Special:Contributions/Imcdc
Article Alerts#Prod,https://en.wikipedia.org/wiki/Wikipedia:WikiProject_Companies/Article_alerts#PROD
Fox Channel,https://en.wikipedia.org/wiki/Fox_Channel
Fox Broadcasting Company,https://en.wikipedia.org/wiki/Fox_Broadcasting_Company
User:Thryduulf,https://en.wikipedia.org/wiki/User:Thryduulf
User Talk:Thryduulf,https://en.wikipedia.org/wiki/User_talk:Thryduulf
Thryduulf,https://en.wikipedia.org/wiki/Special:Contributions/Thryduulf
2024 November 5#Fox (Channel),https://en.wikipedia.org/wiki/Wikipedia:Redirects_for_discussion/Log/2024_November_5#Fox_(channel)
Touota,https://en.wikipedia.org/wiki/Touota
Toyota,https://en.wikipedia.org/wiki/Toyota
User Talk:Hexware,https://en.wikipedia.org/wiki/User_talk:Hexware
Hexware,https://en.wikipedia.org/wiki/Special:Contributions/Hexware
2024 November 5#Touota,https://en.wikipedia.org/wiki/Wikipedia:Redirects_for_discussion/Log/2024_November_5#Touota
Enteractive,https://en.wikipedia.org/wiki/Enteractive
Ljn,https://en.wikipedia.org/wiki/LJN
User:Cogsan,https://en.wikipedia.org/wiki/User:Cogsan
User Talk:Cogsan,https://en.wikipedia.org/wiki/User_talk:Cogsan
Cogsan,https://en.wikipedia.org/wiki/Special:Contributions/Cogsan
2024 November 5#Enteractive,https://en.wikipedia.org/wiki/Wikipedia:Redirects_for_discussion/Log/2024_November_5#Enteractive
Dream Factory (Game Developer),https://en.wikipedia.org/wiki/Dream_Factory_(game_developer)
Talk:Dream Factory (Game Developer),https://en.wikipedia.org/wiki/Talk:Dream_Factory_(game_developer)
Dreamfactory (Game Company),https://en.wikipedia.org/wiki/DreamFactory_(game_company)
User:Mimirissmart,https://en.wikipedia.org/wiki/User:MimirIsSmart
User Talk:Mimirissmart,https://en.wikipedia.org/wiki/User_talk:MimirIsSmart
Mimirissmart,https://en.wikipedia.org/wiki/Special:Contributions/MimirIsSmart
2024 November 4#Dream Factory (Game Developer),https://en.wikipedia.org/wiki/Wikipedia:Redirects_for_discussion/Log/2024_November_4#Dream_Factory_(game_developer)
Dream Factory (Japanese Company),https://en.wikipedia.org/wiki/Dream_Factory_(Japanese_company)
Talk:Dream Factory (Japanese Company),https://en.wikipedia.org/wiki/Talk:Dream_Factory_(Japanese_company)
Dreamfactory (Game Company),https://en.wikipedia.org/wiki/DreamFactory_(game_company)
User:Mimirissmart,https://en.wikipedia.org/wiki/User:MimirIsSmart
User Talk:Mimirissmart,https://en.wikipedia.org/wiki/User_talk:MimirIsSmart
Mimirissmart,https://en.wikipedia.org/wiki/Special:Contributions/MimirIsSmart
2024 November 4#Dream Factory (Japanese Company),https://en.wikipedia.org/wiki/Wikipedia:Redirects_for_discussion/Log/2024_November_4#Dream_Factory_(Japanese_company)
John Shedletsky,https://en.wikipedia.org/wiki/John_Shedletsky
Talk:John Shedletsky,https://en.wikipedia.org/wiki/Talk:John_Shedletsky
Roblox Corporation,https://en.wikipedia.org/wiki/Roblox_Corporation
User:Blethering Scot,https://en.wikipedia.org/wiki/User:Blethering_Scot
User Talk:Blethering Scot,https://en.wikipedia.org/wiki/User_talk:Blethering_Scot
Blethering Scot,https://en.wikipedia.org/wiki/Special:Contributions/Blethering_Scot
2024 November 3#John Shedletsky,https://en.wikipedia.org/wiki/Wikipedia:Redirects_for_discussion/Log/2024_November_3#John_Shedletsky
Cowboy Luttrell,https://en.wikipedia.org/wiki/Cowboy_Luttrell
National Wrestling Alliance,https://en.wikipedia.org/wiki/National_Wrestling_Alliance
User:Utopes,https://en.wikipedia.org/wiki/User:Utopes
User Talk:Utopes,https://en.wikipedia.org/wiki/User_talk:Utopes
Utopes,https://en.wikipedia.org/wiki/Special:Contributions/Utopes
2024 October 26#Cowboy Luttrell,https://en.wikipedia.org/wiki/Wikipedia:Redirects_for_discussion/Log/2024_October_26#Cowboy_Luttrell
Universal Studios,https://en.wikipedia.org/wiki/Universal_Studios
Talk:Universal Studios,https://en.wikipedia.org/wiki/Talk:Universal_Studios
"Universal Studios, Inc.","https://en.wikipedia.org/wiki/Universal_Studios,_Inc."
User:Infinitenexus,https://en.wikipedia.org/wiki/User:InfiniteNexus
User Talk:Infinitenexus,https://en.wikipedia.org/wiki/User_talk:InfiniteNexus
Infinitenexus,https://en.wikipedia.org/wiki/Special:Contributions/InfiniteNexus
2024 September 26#Universal Studios,https://en.wikipedia.org/wiki/Wikipedia:Redirects_for_discussion/Log/2024_September_26#Universal_Studios
Hayes Manufacturing Company,https://en.wikipedia.org/wiki/Hayes_Manufacturing_Company
Talk:Hayes Manufacturing Company,https://en.wikipedia.org/wiki/Talk:Hayes_Manufacturing_Company
User:Cosxz,https://en.wikipedia.org/wiki/User:CosXZ
User Talk:Cosxz,https://en.wikipedia.org/wiki/User_talk:CosXZ
Cosxz,https://en.wikipedia.org/wiki/Special:Contributions/CosXZ
Allbirds,https://en.wikipedia.org/wiki/Allbirds
Talk:Allbirds,https://en.wikipedia.org/wiki/Talk:Allbirds
User:Oganguly,https://en.wikipedia.org/wiki/User:Oganguly
User Talk:Oganguly,https://en.wikipedia.org/wiki/User_talk:Oganguly
Oganguly,https://en.wikipedia.org/wiki/Special:Contributions/Oganguly
Inland Steel Company,https://en.wikipedia.org/wiki/Inland_Steel_Company
Talk:Inland Steel Company,https://en.wikipedia.org/wiki/Talk:Inland_Steel_Company
User:Reconrabbit,https://en.wikipedia.org/wiki/User:Reconrabbit
User Talk:Reconrabbit,https://en.wikipedia.org/wiki/User_talk:Reconrabbit
Reconrabbit,https://en.wikipedia.org/wiki/Special:Contributions/Reconrabbit
Ga1,https://en.wikipedia.org/wiki/Talk:Inland_Steel_Company/GA1
"Bakewell, Pears And Company","https://en.wikipedia.org/wiki/Bakewell,_Pears_and_Company"
"Talk:Bakewell, Pears And Company","https://en.wikipedia.org/wiki/Talk:Bakewell,_Pears_and_Company"
User:Twoscars,https://en.wikipedia.org/wiki/User:TwoScars
User Talk:Twoscars,https://en.wikipedia.org/wiki/User_talk:TwoScars
Twoscars,https://en.wikipedia.org/wiki/Special:Contributions/TwoScars
Rocket Lab,https://en.wikipedia.org/wiki/Rocket_Lab
Talk:Rocket Lab,https://en.wikipedia.org/wiki/Talk:Rocket_Lab
User:Me Da Wikipedian,https://en.wikipedia.org/wiki/User:Me_Da_Wikipedian
User Talk:Me Da Wikipedian,https://en.wikipedia.org/wiki/User_talk:Me_Da_Wikipedian
Me Da Wikipedian,https://en.wikipedia.org/wiki/Special:Contributions/Me_Da_Wikipedian
Ga1,https://en.wikipedia.org/wiki/Talk:Rocket_Lab/GA1
Walt Disney Animation Studios,https://en.wikipedia.org/wiki/Walt_Disney_Animation_Studios
Talk:Walt Disney Animation Studios,https://en.wikipedia.org/wiki/Talk:Walt_Disney_Animation_Studios
User:Z1720,https://en.wikipedia.org/wiki/User:Z1720
User Talk:Z1720,https://en.wikipedia.org/wiki/User_talk:Z1720
Z1720,https://en.wikipedia.org/wiki/Special:Contributions/Z1720
1,https://en.wikipedia.org/wiki/Wikipedia:Good_article_reassessment/Walt_Disney_Animation_Studios/1
Landmark Worldwide,https://en.wikipedia.org/wiki/Landmark_Worldwide
Talk:Landmark Worldwide,https://en.wikipedia.org/wiki/Talk:Landmark_Worldwide
User:Daveapter,https://en.wikipedia.org/wiki/User:DaveApter
User Talk:Daveapter,https://en.wikipedia.org/wiki/User_talk:DaveApter
Daveapter,https://en.wikipedia.org/wiki/Special:Contributions/DaveApter
Talk:Landmark Worldwide#Rfctag,https://en.wikipedia.org/wiki/Talk:Landmark_Worldwide#rfctag
Major Professional Sports Teams In The United States And Canada,https://en.wikipedia.org/wiki/Major_professional_sports_teams_in_the_United_States_and_Canada
Talk:Major Professional Sports Teams In The United States And Canada,https://en.wikipedia.org/wiki/Talk:Major_professional_sports_teams_in_the_United_States_and_Canada
User:Alielmi1207,https://en.wikipedia.org/wiki/User:Alielmi1207
User Talk:Alielmi1207,https://en.wikipedia.org/wiki/User_talk:Alielmi1207
Alielmi1207,https://en.wikipedia.org/wiki/Special:Contributions/Alielmi1207
Talk:Major Professional Sports Teams In The United States And Canada#Rfctag,https://en.wikipedia.org/wiki/Talk:Major_professional_sports_teams_in_the_United_States_and_Canada#rfctag
Eka Mobility,https://en.wikipedia.org/wiki/EKA_Mobility
Talk:Eka Mobility,https://en.wikipedia.org/wiki/Talk:EKA_Mobility
User:Vishalwakchaure1992,https://en.wikipedia.org/wiki/User:Vishalwakchaure1992
User Talk:Vishalwakchaure1992,https://en.wikipedia.org/wiki/User_talk:Vishalwakchaure1992
Vishalwakchaure1992,https://en.wikipedia.org/wiki/Special:Contributions/Vishalwakchaure1992
Archive1,https://en.wikipedia.org/wiki/Wikipedia:Peer_review/EKA_Mobility/archive1
Meta Platforms,https://en.wikipedia.org/wiki/Meta_Platforms
Talk:Meta Platforms,https://en.wikipedia.org/wiki/Talk:Meta_Platforms
Meta (Company),https://en.wikipedia.org/wiki/Meta_(company)
User:Photographyedits,https://en.wikipedia.org/wiki/User:PhotographyEdits
User Talk:Photographyedits,https://en.wikipedia.org/wiki/User_talk:PhotographyEdits
Photographyedits,https://en.wikipedia.org/wiki/Special:Contributions/PhotographyEdits
Talk:Meta Platforms#Requested Move 29 October 2024,https://en.wikipedia.org/wiki/Talk:Meta_Platforms#Requested_move_29_October_2024
Tropicana Products,https://en.wikipedia.org/wiki/Tropicana_Products
Talk:Tropicana Products,https://en.wikipedia.org/wiki/Talk:Tropicana_Products
User:Venezuelanspongebobfan2004,https://en.wikipedia.org/wiki/User:VenezuelanSpongeBobFan2004
User Talk:Venezuelanspongebobfan2004,https://en.wikipedia.org/wiki/User_talk:VenezuelanSpongeBobFan2004
Venezuelanspongebobfan2004,https://en.wikipedia.org/wiki/Special:Contributions/VenezuelanSpongeBobFan2004
Talk:Tropicana Products#Requested Move 26 October 2024,https://en.wikipedia.org/wiki/Talk:Tropicana_Products#Requested_move_26_October_2024
Supercell (Video Game Company),https://en.wikipedia.org/wiki/Supercell_(video_game_company)
Talk:Supercell (Video Game Company),https://en.wikipedia.org/wiki/Talk:Supercell_(video_game_company)
Supercell Ltd,https://en.wikipedia.org/wiki/Supercell_Ltd
User:Yovt,https://en.wikipedia.org/wiki/User:Yovt
User Talk:Yovt,https://en.wikipedia.org/wiki/User_talk:Yovt
Yovt,https://en.wikipedia.org/wiki/Special:Contributions/Yovt
Talk:Supercell (Video Game Company)#Requested Move 16 October 2024,https://en.wikipedia.org/wiki/Talk:Supercell_(video_game_company)#Requested_move_16_October_2024
Cartoonito (European Tv Channel),https://en.wikipedia.org/wiki/Cartoonito_(European_TV_channel)
Talk:Cartoonito (European Tv Channel),https://en.wikipedia.org/wiki/Talk:Cartoonito_(European_TV_channel)
Cartoonito (Europe),https://en.wikipedia.org/wiki/Cartoonito_(Europe)
2601:152:5082:19F0:7542:Fac1:Ecc:5Bf6,https://en.wikipedia.org/wiki/Special:Contributions/2601:152:5082:19F0:7542:FAC1:ECC:5BF6
Talk:Cartoonito (European Tv Channel)#Merge Cartoonito (European Tv Channel) And Cartoonito Cee As Cartoonito (Europe),https://en.wikipedia.org/wiki/Talk:Cartoonito_(European_TV_channel)#Merge_Cartoonito_(European_TV_channel)_and_Cartoonito_CEE_as_Cartoonito_(Europe)
T-Mobile (Brand),https://en.wikipedia.org/wiki/T-Mobile_(brand)
Talk:T-Mobile (Brand),https://en.wikipedia.org/wiki/Talk:T-Mobile_(brand)
Deutsche Telekom,https://en.wikipedia.org/wiki/Deutsche_Telekom
User:2018Rebel,https://en.wikipedia.org/wiki/User:2018rebel
User Talk:2018Rebel,https://en.wikipedia.org/wiki/User_talk:2018rebel
2018Rebel,https://en.wikipedia.org/wiki/Special:Contributions/2018rebel
Talk:Deutsche Telekom#Merger Discussion,https://en.wikipedia.org/wiki/Talk:Deutsche_Telekom#Merger_discussion
At%26T Corporation,https://en.wikipedia.org/wiki/AT%26T_Corporation
Talk:At%26T Corporation,https://en.wikipedia.org/wiki/Talk:AT%26T_Corporation
At%26T,https://en.wikipedia.org/wiki/AT%26T
User:Photographyedits,https://en.wikipedia.org/wiki/User:PhotographyEdits
User Talk:Photographyedits,https://en.wikipedia.org/wiki/User_talk:PhotographyEdits
Photographyedits,https://en.wikipedia.org/wiki/Special:Contributions/PhotographyEdits
Talk:At%26T#Merge Proposal,https://en.wikipedia.org/wiki/Talk:AT%26T#Merge_proposal
Fox News,https://en.wikipedia.org/wiki/Fox_News
Talk:Fox News,https://en.wikipedia.org/wiki/Talk:Fox_News
History Of Fox News,https://en.wikipedia.org/wiki/History_of_Fox_News
User:Klbrain,https://en.wikipedia.org/wiki/User:Klbrain
User Talk:Klbrain,https://en.wikipedia.org/wiki/User_talk:Klbrain
Klbrain,https://en.wikipedia.org/wiki/Special:Contributions/Klbrain
Talk:History Of Fox News,https://en.wikipedia.org/wiki/Talk:History_of_Fox_News
Bt Consumer,https://en.wikipedia.org/wiki/BT_Consumer
Talk:Bt Consumer,https://en.wikipedia.org/wiki/Talk:BT_Consumer
Bt Group,https://en.wikipedia.org/wiki/BT_Group
User:Cloudbound,https://en.wikipedia.org/wiki/User:Cloudbound
User Talk:Cloudbound,https://en.wikipedia.org/wiki/User_talk:Cloudbound
Cloudbound,https://en.wikipedia.org/wiki/Special:Contributions/Cloudbound
Talk:Bt Group,https://en.wikipedia.org/wiki/Talk:BT_Group
Intuit India,https://en.wikipedia.org/wiki/Intuit_India
Talk:Intuit India,https://en.wikipedia.org/wiki/Talk:Intuit_India
Intuit,https://en.wikipedia.org/wiki/Intuit
2405:201:D002:319D:65Fa:8E2F:C14C:22B8,https://en.wikipedia.org/wiki/Special:Contributions/2405:201:D002:319D:65FA:8E2F:C14C:22B8
Talk:Intuit#Proposed Merge Of Intuit India Into Intuit,https://en.wikipedia.org/wiki/Talk:Intuit#Proposed_merge_of_Intuit_India_into_Intuit
2405:201:D002:319D:65Fa:8E2F:C14C:22B8,https://en.wikipedia.org/wiki/Special:Contributions/2405:201:D002:319D:65FA:8E2F:C14C:22B8
Viva Communications,https://en.wikipedia.org/wiki/Viva_Communications
User:Gobspint,https://en.wikipedia.org/wiki/User:GobsPint
User Talk:Gobspint,https://en.wikipedia.org/wiki/User_talk:GobsPint
Gobspint,https://en.wikipedia.org/wiki/Special:Contributions/GobsPint
Talk:Viva Communications,https://en.wikipedia.org/wiki/Talk:Viva_Communications
Viva Communications,https://en.wikipedia.org/wiki/Viva_Communications
User:Gobspint,https://en.wikipedia.org/wiki/User:GobsPint
User Talk:Gobspint,https://en.wikipedia.org/wiki/User_talk:GobsPint
Gobspint,https://en.wikipedia.org/wiki/Special:Contributions/GobsPint
Talk:Viva Communications,https://en.wikipedia.org/wiki/Talk:Viva_Communications
China Petrochemical Corporation,https://en.wikipedia.org/wiki/China_Petrochemical_Corporation
Talk:China Petrochemical Corporation,https://en.wikipedia.org/wiki/Talk:China_Petrochemical_Corporation
Sinopec,https://en.wikipedia.org/wiki/Sinopec
User:Klbrain,https://en.wikipedia.org/wiki/User:Klbrain
User Talk:Klbrain,https://en.wikipedia.org/wiki/User_talk:Klbrain
Klbrain,https://en.wikipedia.org/wiki/Special:Contributions/Klbrain
Talk:Sinopec#Merge With China Petrochemical Corporation,https://en.wikipedia.org/wiki/Talk:Sinopec#Merge_with_China_Petrochemical_Corporation
Article Alerts#Mrg,https://en.wikipedia.org/wiki/Wikipedia:WikiProject_Companies/Article_alerts#MRG
Epics (Company),https://en.wikipedia.org/wiki/Epics_(company)
Talk:Epics (Company),https://en.wikipedia.org/wiki/Talk:Epics_(company)
User:Mimirissmart,https://en.wikipedia.org/wiki/User:MimirIsSmart
User Talk:Mimirissmart,https://en.wikipedia.org/wiki/User_talk:MimirIsSmart
Mimirissmart,https://en.wikipedia.org/wiki/Special:Contributions/MimirIsSmart
Talk:Epics (Company)#Split,https://en.wikipedia.org/wiki/Talk:Epics_(company)#Split
Chubu-Nippon Broadcasting,https://en.wikipedia.org/wiki/Chubu-Nippon_Broadcasting
Talk:Chubu-Nippon Broadcasting,https://en.wikipedia.org/wiki/Talk:Chubu-Nippon_Broadcasting
User:Venezuelanspongebobfan2004,https://en.wikipedia.org/wiki/User:VenezuelanSpongeBobFan2004
User Talk:Venezuelanspongebobfan2004,https://en.wikipedia.org/wiki/User_talk:VenezuelanSpongeBobFan2004
Venezuelanspongebobfan2004,https://en.wikipedia.org/wiki/Special:Contributions/VenezuelanSpongeBobFan2004
Talk:Chubu-Nippon Broadcasting,https://en.wikipedia.org/wiki/Talk:Chubu-Nippon_Broadcasting
Asahi Broadcasting Corporation,https://en.wikipedia.org/wiki/Asahi_Broadcasting_Corporation
Talk:Asahi Broadcasting Corporation,https://en.wikipedia.org/wiki/Talk:Asahi_Broadcasting_Corporation
User:Venezuelanspongebobfan2004,https://en.wikipedia.org/wiki/User:VenezuelanSpongeBobFan2004
User Talk:Venezuelanspongebobfan2004,https://en.wikipedia.org/wiki/User_talk:VenezuelanSpongeBobFan2004
Venezuelanspongebobfan2004,https://en.wikipedia.org/wiki/Special:Contributions/VenezuelanSpongeBobFan2004
Talk:Asahi Broadcasting Corporation#Split Abc'S Radio And Tv Divisions Into Separate Articles,https://en.wikipedia.org/wiki/Talk:Asahi_Broadcasting_Corporation#Split_ABC's_radio_and_TV_divisions_into_separate_articles
Nippon Television,https://en.wikipedia.org/wiki/Nippon_Television
Talk:Nippon Television,https://en.wikipedia.org/wiki/Talk:Nippon_Television
User:Venezuelanspongebobfan2004,https://en.wikipedia.org/wiki/User:VenezuelanSpongeBobFan2004
User Talk:Venezuelanspongebobfan2004,https://en.wikipedia.org/wiki/User_talk:VenezuelanSpongeBobFan2004
Venezuelanspongebobfan2004,https://en.wikipedia.org/wiki/Special:Contributions/VenezuelanSpongeBobFan2004
Talk:Nippon Television#Split Ntv'S Corporate Functions Into Nippon Television Holdings,https://en.wikipedia.org/wiki/Talk:Nippon_Television#Split_NTV's_corporate_functions_into_Nippon_Television_Holdings
Hard Rock Cafe,https://en.wikipedia.org/wiki/Hard_Rock_Cafe
Talk:Hard Rock Cafe,https://en.wikipedia.org/wiki/Talk:Hard_Rock_Cafe
User:Matthardrockint,https://en.wikipedia.org/wiki/User:MattHardRockInt
User Talk:Matthardrockint,https://en.wikipedia.org/wiki/User_talk:MattHardRockInt
Matthardrockint,https://en.wikipedia.org/wiki/Special:Contributions/MattHardRockInt
Talk:Hard Rock Cafe,https://en.wikipedia.org/wiki/Talk:Hard_Rock_Cafe
Pvr Inox,https://en.wikipedia.org/wiki/PVR_INOX
Talk:Pvr Inox,https://en.wikipedia.org/wiki/Talk:PVR_INOX
User:Soni,https://en.wikipedia.org/wiki/User:Soni
User Talk:Soni,https://en.wikipedia.org/wiki/User_talk:Soni
Soni,https://en.wikipedia.org/wiki/Special:Contributions/Soni
Talk:Pvr Inox#This Article Should Be Re-Split,https://en.wikipedia.org/wiki/Talk:PVR_INOX#This_article_should_be_re-split
Hapi-Line Fukui,https://en.wikipedia.org/wiki/Hapi-Line_Fukui
Talk:Hapi-Line Fukui,https://en.wikipedia.org/wiki/Talk:Hapi-Line_Fukui
User:Alphabetagamma,https://en.wikipedia.org/wiki/User:AlphaBetaGamma
User Talk:Alphabetagamma,https://en.wikipedia.org/wiki/User_talk:AlphaBetaGamma
Alphabetagamma,https://en.wikipedia.org/wiki/Special:Contributions/AlphaBetaGamma
Talk:Hapi-Line Fukui,https://en.wikipedia.org/wiki/Talk:Hapi-Line_Fukui
Minox,https://en.wikipedia.org/wiki/Minox
Talk:Minox,https://en.wikipedia.org/wiki/Talk:Minox
User:Thumperward,https://en.wikipedia.org/wiki/User:Thumperward
User Talk:Thumperward,https://en.wikipedia.org/wiki/User_talk:Thumperward
Thumperward,https://en.wikipedia.org/wiki/Special:Contributions/Thumperward
Talk:Minox,https://en.wikipedia.org/wiki/Talk:Minox
Hexagon Ab,https://en.wikipedia.org/wiki/Hexagon_AB
Talk:Hexagon Ab,https://en.wikipedia.org/wiki/Talk:Hexagon_AB
User Talk:69.126.148.8,https://en.wikipedia.org/wiki/User_talk:69.126.148.8
69.126.148.8,https://en.wikipedia.org/wiki/Special:Contributions/69.126.148.8
Talk:Hexagon Ab,https://en.wikipedia.org/wiki/Talk:Hexagon_AB
Econet Global,https://en.wikipedia.org/wiki/Econet_Global
Talk:Econet Global,https://en.wikipedia.org/wiki/Talk:Econet_Global
User:Mindthem,https://en.wikipedia.org/wiki/User:Mindthem
User Talk:Mindthem,https://en.wikipedia.org/wiki/User_talk:Mindthem
Mindthem,https://en.wikipedia.org/wiki/Special:Contributions/Mindthem
Talk:Econet Global,https://en.wikipedia.org/wiki/Talk:Econet_Global
Article Alerts#Spl,https://en.wikipedia.org/wiki/Wikipedia:WikiProject_Companies/Article_alerts#SPL
Draft:Blackbird Mountain Guides,https://en.wikipedia.org/wiki/Draft:Blackbird_Mountain_Guides
Draft Talk:Blackbird Mountain Guides,https://en.wikipedia.org/wiki/Draft_talk:Blackbird_Mountain_Guides
User:Qwerfjkl (Bot),https://en.wikipedia.org/wiki/User:Qwerfjkl_(bot)
User Talk:Qwerfjkl (Bot),https://en.wikipedia.org/wiki/User_talk:Qwerfjkl_(bot)
Qwerfjkl (Bot),https://en.wikipedia.org/wiki/Special:Contributions/Qwerfjkl_(bot)
Draft:Dreams Donuts,https://en.wikipedia.org/wiki/Draft:Dreams_Donuts
User:Syrine Ben Dossa,https://en.wikipedia.org/wiki/User:Syrine_Ben_Dossa
User Talk:Syrine Ben Dossa,https://en.wikipedia.org/wiki/User_talk:Syrine_Ben_Dossa
Syrine Ben Dossa,https://en.wikipedia.org/wiki/Special:Contributions/Syrine_Ben_Dossa
Draft:Comgate,https://en.wikipedia.org/wiki/Draft:Comgate
Draft Talk:Comgate,https://en.wikipedia.org/wiki/Draft_talk:Comgate
Mip-Cg,https://en.wikipedia.org/wiki/Special:Contributions/Mip-cg
Draft:Alta Technology,https://en.wikipedia.org/wiki/Draft:Alta_Technology
Draft Talk:Alta Technology,https://en.wikipedia.org/wiki/Draft_talk:Alta_Technology
User:Joelcfrr,https://en.wikipedia.org/wiki/User:Joelcfrr
User Talk:Joelcfrr,https://en.wikipedia.org/wiki/User_talk:Joelcfrr
Joelcfrr,https://en.wikipedia.org/wiki/Special:Contributions/Joelcfrr
Draft:Hiro (Motorcycles),https://en.wikipedia.org/wiki/Draft:Hiro_(motorcycles)
Draft Talk:Hiro (Motorcycles),https://en.wikipedia.org/wiki/Draft_talk:Hiro_(motorcycles)
User:Artanisen,https://en.wikipedia.org/wiki/User:Artanisen
User Talk:Artanisen,https://en.wikipedia.org/wiki/User_talk:Artanisen
Artanisen,https://en.wikipedia.org/wiki/Special:Contributions/Artanisen
Draft:Meria (Company),https://en.wikipedia.org/wiki/Draft:Meria_(company)
Draft Talk:Meria (Company),https://en.wikipedia.org/wiki/Draft_talk:Meria_(company)
User:Qwerfjkl (Bot),https://en.wikipedia.org/wiki/User:Qwerfjkl_(bot)
User Talk:Qwerfjkl (Bot),https://en.wikipedia.org/wiki/User_talk:Qwerfjkl_(bot)
Qwerfjkl (Bot),https://en.wikipedia.org/wiki/Special:Contributions/Qwerfjkl_(bot)
Draft:Icdsoft,https://en.wikipedia.org/wiki/Draft:ICDSoft
Draft Talk:Icdsoft,https://en.wikipedia.org/wiki/Draft_talk:ICDSoft
User:Etsanov,https://en.wikipedia.org/wiki/User:Etsanov
User Talk:Etsanov,https://en.wikipedia.org/wiki/User_talk:Etsanov
Etsanov,https://en.wikipedia.org/wiki/Special:Contributions/Etsanov
Draft:Andy Crebar,https://en.wikipedia.org/wiki/Draft:Andy_Crebar
Draft Talk:Andy Crebar,https://en.wikipedia.org/wiki/Draft_talk:Andy_Crebar
User:Vvinfobuilder,https://en.wikipedia.org/wiki/User:VVInfoBuilder
User Talk:Vvinfobuilder,https://en.wikipedia.org/wiki/User_talk:VVInfoBuilder
Vvinfobuilder,https://en.wikipedia.org/wiki/Special:Contributions/VVInfoBuilder
Draft:Ikas,https://en.wikipedia.org/wiki/Draft:Ikas
Draft Talk:Ikas,https://en.wikipedia.org/wiki/Draft_talk:Ikas
User Talk:Whoaself,https://en.wikipedia.org/wiki/User_talk:Whoaself
Whoaself,https://en.wikipedia.org/wiki/Special:Contributions/Whoaself
Draft:Correns Corporation,https://en.wikipedia.org/wiki/Draft:Correns_Corporation
Draft Talk:Correns Corporation,https://en.wikipedia.org/wiki/Draft_talk:Correns_Corporation
User:Merged Account,https://en.wikipedia.org/wiki/User:Merged_account
User Talk:Merged Account,https://en.wikipedia.org/wiki/User_talk:Merged_account
Merged Account,https://en.wikipedia.org/wiki/Special:Contributions/Merged_account
Article Alerts#Afc,https://en.wikipedia.org/wiki/Wikipedia:WikiProject_Companies/Article_alerts#AFC
Template:Wikipedia Help Pages,https://en.wikipedia.org/wiki/Template:Wikipedia_help_pages
Template Talk:Wikipedia Help Pages,https://en.wikipedia.org/wiki/Template_talk:Wikipedia_help_pages
Template:Wikipedia Help Pages,https://en.wikipedia.org/wiki/Special:EditPage/Template:Wikipedia_help_pages
Help:Directory,https://en.wikipedia.org/wiki/Help:Directory
Wikipedia:Teahouse,https://en.wikipedia.org/wiki/Wikipedia:Teahouse
Wikipedia:Help Desk,https://en.wikipedia.org/wiki/Wikipedia:Help_desk
Wikipedia:Faq,https://en.wikipedia.org/wiki/Wikipedia:FAQ
Wikipedia:Reference Desk,https://en.wikipedia.org/wiki/Wikipedia:Reference_desk
Wikipedia:Noticeboards,https://en.wikipedia.org/wiki/Wikipedia:Noticeboards
Help:Cheatsheet,https://en.wikipedia.org/wiki/Help:Cheatsheet
Wikipedia:Directories And Indexes,https://en.wikipedia.org/wiki/Wikipedia:Directories_and_indexes
Wikipedia:About,https://en.wikipedia.org/wiki/Wikipedia:About
Wikipedia:Administration,https://en.wikipedia.org/wiki/Wikipedia:Administration
Wikipedia:Purpose,https://en.wikipedia.org/wiki/Wikipedia:Purpose
Wikipedia:Five Pillars,https://en.wikipedia.org/wiki/Wikipedia:Five_pillars
Wikipedia:Policies And Guidelines,https://en.wikipedia.org/wiki/Wikipedia:Policies_and_guidelines
Wikipedia:What Wikipedia Is Not,https://en.wikipedia.org/wiki/Wikipedia:What_Wikipedia_is_not
Wikipedia:General Disclaimer,https://en.wikipedia.org/wiki/Wikipedia:General_disclaimer
Wikipedia:Advice For Parents,https://en.wikipedia.org/wiki/Wikipedia:Advice_for_parents
Wikipedia:Request Directory,https://en.wikipedia.org/wiki/Wikipedia:Request_directory
Wikipedia:Who Writes Wikipedia%3F,https://en.wikipedia.org/wiki/Wikipedia:Who_writes_Wikipedia%3F
Wikipedia:Reader%27S Index To Wikipedia,https://en.wikipedia.org/wiki/Wikipedia:Reader%27s_index_to_Wikipedia
Readers,https://en.wikipedia.org/wiki/Wikipedia:FAQ/Readers
Wikipedia:Wikipedia Book Creator Status,https://en.wikipedia.org/wiki/Wikipedia:Wikipedia_book_creator_status
Help:Copyright,https://en.wikipedia.org/wiki/Help:Copyright
Help:Glossary,https://en.wikipedia.org/wiki/Help:Glossary
Help:Mobile Access,https://en.wikipedia.org/wiki/Help:Mobile_access
Help:Navigation,https://en.wikipedia.org/wiki/Help:Navigation
Help:Other Languages,https://en.wikipedia.org/wiki/Help:Other_languages
Help:Searching,https://en.wikipedia.org/wiki/Help:Searching
Help:Student Help,https://en.wikipedia.org/wiki/Help:Student_help
Help:Viewing Media,https://en.wikipedia.org/wiki/Help:Viewing_media
Wikipedia:Contributing To Wikipedia,https://en.wikipedia.org/wiki/Wikipedia:Contributing_to_Wikipedia
Wikipedia:Guidance For Younger Editors,https://en.wikipedia.org/wiki/Wikipedia:Guidance_for_younger_editors
Wikipedia:Avoiding Common Mistakes,https://en.wikipedia.org/wiki/Wikipedia:Avoiding_common_mistakes
Wikipedia:Etiquette,https://en.wikipedia.org/wiki/Wikipedia:Etiquette
Wikipedia:Simplified Manual Of Style,https://en.wikipedia.org/wiki/Wikipedia:Simplified_Manual_of_Style
Wikipedia:Simplified Ruleset,https://en.wikipedia.org/wiki/Wikipedia:Simplified_ruleset
Wikipedia:Ignore All Rules,https://en.wikipedia.org/wiki/Wikipedia:Ignore_all_rules
Wikipedia:The Rules Are Principles,https://en.wikipedia.org/wiki/Wikipedia:The_rules_are_principles
Wikipedia:Styletips,https://en.wikipedia.org/wiki/Wikipedia:Styletips
Wikipedia:Tip Of The Day,https://en.wikipedia.org/wiki/Wikipedia:Tip_of_the_day
Help:Your First Article,https://en.wikipedia.org/wiki/Help:Your_first_article
Wikipedia:Article Wizard,https://en.wikipedia.org/wiki/Wikipedia:Article_wizard
Help:Getting Started,https://en.wikipedia.org/wiki/Help:Getting_started
Wikipedia:Why Create An Account%3F,https://en.wikipedia.org/wiki/Wikipedia:Why_create_an_account%3F
Help:Introduction,https://en.wikipedia.org/wiki/Help:Introduction
Wikipedia:Graphics Tutorials,https://en.wikipedia.org/wiki/Wikipedia:Graphics_tutorials
Help:Pictures,https://en.wikipedia.org/wiki/Help:Pictures
Tutorial,https://en.wikipedia.org/wiki/Wikipedia:IRC/Tutorial
User Guide,https://en.wikipedia.org/wiki/Wikipedia:VisualEditor/User_guide
Wikipedia:Dos And Don%27Ts,https://en.wikipedia.org/wiki/Wikipedia:Dos_and_don%27ts
Wikipedia:Accessibility Dos And Don%27Ts,https://en.wikipedia.org/wiki/Wikipedia:Accessibility_dos_and_don%27ts
Wikipedia:Biography Dos And Don%27Ts,https://en.wikipedia.org/wiki/Wikipedia:Biography_dos_and_don%27ts
Wikipedia:Biographies Of Living Persons Dos And Don%27Ts,https://en.wikipedia.org/wiki/Wikipedia:Biographies_of_living_persons_dos_and_don%27ts
Wikipedia:Categorization Dos And Don%27Ts,https://en.wikipedia.org/wiki/Wikipedia:Categorization_dos_and_don%27ts
Wikipedia:Consensus Dos And Don%27Ts,https://en.wikipedia.org/wiki/Wikipedia:Consensus_dos_and_don%27ts
Wikipedia:Talk Dos And Don%27Ts,https://en.wikipedia.org/wiki/Wikipedia:Talk_dos_and_don%27ts
Wikipedia:Disambiguation Dos And Don%27Ts,https://en.wikipedia.org/wiki/Wikipedia:Disambiguation_dos_and_don%27ts
Wikipedia:Image Dos And Don%27Ts,https://en.wikipedia.org/wiki/Wikipedia:Image_dos_and_don%27ts
Wikipedia:Lead Dos And Don%27Ts,https://en.wikipedia.org/wiki/Wikipedia:Lead_dos_and_don%27ts
Wikipedia:Linking Dos And Don%27Ts,https://en.wikipedia.org/wiki/Wikipedia:Linking_dos_and_don%27ts
Wikipedia:List Dos And Don%27Ts,https://en.wikipedia.org/wiki/Wikipedia:List_dos_and_don%27ts
Wikipedia:References Dos And Don%27Ts,https://en.wikipedia.org/wiki/Wikipedia:References_dos_and_don%27ts
Wikipedia:Table Dos And Don%27Ts,https://en.wikipedia.org/wiki/Wikipedia:Table_dos_and_don%27ts
Wikipedia:Article Title Dos And Don%27Ts,https://en.wikipedia.org/wiki/Wikipedia:Article_title_dos_and_don%27ts
Category:Wikipedia How-To,https://en.wikipedia.org/wiki/Category:Wikipedia_how-to
Category:Wikipedia Information Pages,https://en.wikipedia.org/wiki/Category:Wikipedia_information_pages
Wikipedia:Guide To Appealing Blocks,https://en.wikipedia.org/wiki/Wikipedia:Guide_to_appealing_blocks
Wikipedia:Guide To Deletion,https://en.wikipedia.org/wiki/Wikipedia:Guide_to_deletion
Help:Category,https://en.wikipedia.org/wiki/Help:Category
Help:Citations Quick Reference,https://en.wikipedia.org/wiki/Help:Citations_quick_reference
Help:Referencing For Beginners,https://en.wikipedia.org/wiki/Help:Referencing_for_beginners
Help:Citation Style 1,https://en.wikipedia.org/wiki/Help:Citation_Style_1
Help:Cite Errors,https://en.wikipedia.org/wiki/Help:Cite_errors
Help:References And Page Numbers,https://en.wikipedia.org/wiki/Help:References_and_page_numbers
Help:Convert,https://en.wikipedia.org/wiki/Help:Convert
Help:Diff,https://en.wikipedia.org/wiki/Help:Diff
Help:Editing,https://en.wikipedia.org/wiki/Help:Editing
Help:Minor Edit,https://en.wikipedia.org/wiki/Help:Minor_edit
Help:Edit Toolbar,https://en.wikipedia.org/wiki/Help:Edit_toolbar
Help:Edit Conflict,https://en.wikipedia.org/wiki/Help:Edit_conflict
Help:Find Sources,https://en.wikipedia.org/wiki/Help:Find_sources
Help:Files,https://en.wikipedia.org/wiki/Help:Files
Help:Footnotes,https://en.wikipedia.org/wiki/Help:Footnotes
Wikipedia:Guide To Image Deletion,https://en.wikipedia.org/wiki/Wikipedia:Guide_to_image_deletion
Help:Infobox,https://en.wikipedia.org/wiki/Help:Infobox
Help:Link,https://en.wikipedia.org/wiki/Help:Link
Help:Link Color,https://en.wikipedia.org/wiki/Help:Link_color
Help:Logging In,https://en.wikipedia.org/wiki/Help:Logging_in
Wikipedia:Merging,https://en.wikipedia.org/wiki/Wikipedia:Merging
Help:Page Name,https://en.wikipedia.org/wiki/Help:Page_name
Help:How To Move A Page,https://en.wikipedia.org/wiki/Help:How_to_move_a_page
Help:Redirect,https://en.wikipedia.org/wiki/Help:Redirect
Help:Reset Password,https://en.wikipedia.org/wiki/Help:Reset_password
Help:Email Confirmation,https://en.wikipedia.org/wiki/Help:Email_confirmation
Help:Reverting,https://en.wikipedia.org/wiki/Help:Reverting
Help:Simple Guide To Vandalism Cleanup,https://en.wikipedia.org/wiki/Help:Simple_guide_to_vandalism_cleanup
Help:Talk Pages,https://en.wikipedia.org/wiki/Help:Talk_pages
Help:Archiving A Talk Page,https://en.wikipedia.org/wiki/Help:Archiving_a_talk_page
Help:Archiving (Plain And Simple),https://en.wikipedia.org/wiki/Help:Archiving_(plain_and_simple)
Help:User Contributions,https://en.wikipedia.org/wiki/Help:User_contributions
Help:Wp Search Protocol,https://en.wikipedia.org/wiki/Help:WP_search_protocol
Wiki Markup,https://en.wikipedia.org/wiki/Wiki_markup
Help:Wikitext,https://en.wikipedia.org/wiki/Help:Wikitext
Help:Barchart,https://en.wikipedia.org/wiki/Help:Barchart
Help:Calculation,https://en.wikipedia.org/wiki/Help:Calculation
Help:Special Characters,https://en.wikipedia.org/wiki/Help:Special_characters
Help:Columns,https://en.wikipedia.org/wiki/Help:Columns
Help:Elevation,https://en.wikipedia.org/wiki/Help:Elevation
Hidden Text,https://en.wikipedia.org/wiki/Wikipedia:Manual_of_Style/Hidden_text
Help:Html In Wikitext,https://en.wikipedia.org/wiki/Help:HTML_in_wikitext
Help:List,https://en.wikipedia.org/wiki/Help:List
Help:Magic Words,https://en.wikipedia.org/wiki/Help:Magic_words
Help:Musical Symbols,https://en.wikipedia.org/wiki/Help:Musical_symbols
Help:Section,https://en.wikipedia.org/wiki/Help:Section
Help:Sound File Markup,https://en.wikipedia.org/wiki/Help:Sound_file_markup
Help:Table,https://en.wikipedia.org/wiki/Help:Table
Help:Template,https://en.wikipedia.org/wiki/Help:Template
Wikipedia:Transclusion,https://en.wikipedia.org/wiki/Wikipedia:Transclusion
Help:Url,https://en.wikipedia.org/wiki/Help:URL
Help:Visual File Markup,https://en.wikipedia.org/wiki/Help:Visual_file_markup
Wikipedia:Directories And Indexes,https://en.wikipedia.org/wiki/Wikipedia:Directories_and_indexes
Wikipedia:Wikipedia Abbreviations,https://en.wikipedia.org/wiki/Wikipedia:Wikipedia_abbreviations
Wikipedia:Contents,https://en.wikipedia.org/wiki/Wikipedia:Contents
Wikipedia:Department Directory,https://en.wikipedia.org/wiki/Wikipedia:Department_directory
Wikipedia:Editor%27S Index To Wikipedia,https://en.wikipedia.org/wiki/Wikipedia:Editor%27s_index_to_Wikipedia
Wikipedia:Essay Directory,https://en.wikipedia.org/wiki/Wikipedia:Essay_directory
Index,https://en.wikipedia.org/wiki/Wikipedia:FAQ/Index
Wikipedia:Glossary,https://en.wikipedia.org/wiki/Wikipedia:Glossary
Contents,https://en.wikipedia.org/wiki/Wikipedia:Manual_of_Style/Contents
Wikipedia:Maintenance,https://en.wikipedia.org/wiki/Wikipedia:Maintenance
Wikipedia:Tips,https://en.wikipedia.org/wiki/Wikipedia:Tips
Wikipedia:Tools,https://en.wikipedia.org/wiki/Wikipedia:Tools
Help:Wikipedia: The Missing Manual,https://en.wikipedia.org/wiki/Help:Wikipedia:_The_Missing_Manual
Template:Wikipedia Policies And Guidelines,https://en.wikipedia.org/wiki/Template:Wikipedia_policies_and_guidelines
Template Talk:Wikipedia Policies And Guidelines,https://en.wikipedia.org/wiki/Template_talk:Wikipedia_policies_and_guidelines
Template:Wikipedia Policies And Guidelines,https://en.wikipedia.org/wiki/Special:EditPage/Template:Wikipedia_policies_and_guidelines
Wikipedia:Policies And Guidelines,https://en.wikipedia.org/wiki/Wikipedia:Policies_and_guidelines
Wikipedia:Five Pillars,https://en.wikipedia.org/wiki/Wikipedia:Five_pillars
Wikipedia:Ignore All Rules,https://en.wikipedia.org/wiki/Wikipedia:Ignore_all_rules
Wikipedia:Verifiability,https://en.wikipedia.org/wiki/Wikipedia:Verifiability
Wikipedia:No Original Research,https://en.wikipedia.org/wiki/Wikipedia:No_original_research
Wikipedia:Neutral Point Of View,https://en.wikipedia.org/wiki/Wikipedia:Neutral_point_of_view
Wikipedia:What Wikipedia Is Not,https://en.wikipedia.org/wiki/Wikipedia:What_Wikipedia_is_not
Wikipedia:Biographies Of Living Persons,https://en.wikipedia.org/wiki/Wikipedia:Biographies_of_living_persons
Wikipedia:Copyrights,https://en.wikipedia.org/wiki/Wikipedia:Copyrights
Wikipedia:Copyright Violations,https://en.wikipedia.org/wiki/Wikipedia:Copyright_violations
Wikipedia:Image Use Policy,https://en.wikipedia.org/wiki/Wikipedia:Image_use_policy
Wikipedia:Article Titles,https://en.wikipedia.org/wiki/Wikipedia:Article_titles
Wikipedia:Notability,https://en.wikipedia.org/wiki/Wikipedia:Notability
Wikipedia:Autobiography,https://en.wikipedia.org/wiki/Wikipedia:Autobiography
Wikipedia:Citing Sources,https://en.wikipedia.org/wiki/Wikipedia:Citing_sources
Wikipedia:Reliable Sources,https://en.wikipedia.org/wiki/Wikipedia:Reliable_sources
Wikipedia:Identifying Reliable Sources (Medicine),https://en.wikipedia.org/wiki/Wikipedia:Identifying_reliable_sources_(medicine)
Wikipedia:Do Not Include The Full Text Of Lengthy Primary Sources,https://en.wikipedia.org/wiki/Wikipedia:Do_not_include_the_full_text_of_lengthy_primary_sources
Wikipedia:Plagiarism,https://en.wikipedia.org/wiki/Wikipedia:Plagiarism
Wikipedia:Do Not Create Hoaxes,https://en.wikipedia.org/wiki/Wikipedia:Do_not_create_hoaxes
Wikipedia:Fringe Theories,https://en.wikipedia.org/wiki/Wikipedia:Fringe_theories
Wikipedia:Patent Nonsense,https://en.wikipedia.org/wiki/Wikipedia:Patent_nonsense
Wikipedia:External Links,https://en.wikipedia.org/wiki/Wikipedia:External_links
Wikipedia:Civility,https://en.wikipedia.org/wiki/Wikipedia:Civility
Wikipedia:Consensus,https://en.wikipedia.org/wiki/Wikipedia:Consensus
Wikipedia:Harassment,https://en.wikipedia.org/wiki/Wikipedia:Harassment
Wikipedia:Vandalism,https://en.wikipedia.org/wiki/Wikipedia:Vandalism
Wikipedia:Ignore All Rules,https://en.wikipedia.org/wiki/Wikipedia:Ignore_all_rules
Wikipedia:No Personal Attacks,https://en.wikipedia.org/wiki/Wikipedia:No_personal_attacks
Wikipedia:Ownership Of Content,https://en.wikipedia.org/wiki/Wikipedia:Ownership_of_content
Wikipedia:Edit Warring,https://en.wikipedia.org/wiki/Wikipedia:Edit_warring
Wikipedia:Dispute Resolution,https://en.wikipedia.org/wiki/Wikipedia:Dispute_resolution
Wikipedia:Sockpuppetry,https://en.wikipedia.org/wiki/Wikipedia:Sockpuppetry
Wikipedia:No Legal Threats,https://en.wikipedia.org/wiki/Wikipedia:No_legal_threats
Wikipedia:Child Protection,https://en.wikipedia.org/wiki/Wikipedia:Child_protection
Wikipedia:Paid-Contribution Disclosure,https://en.wikipedia.org/wiki/Wikipedia:Paid-contribution_disclosure
Wikipedia:Assume Good Faith,https://en.wikipedia.org/wiki/Wikipedia:Assume_good_faith
Wikipedia:Conflict Of Interest,https://en.wikipedia.org/wiki/Wikipedia:Conflict_of_interest
Wikipedia:Disruptive Editing,https://en.wikipedia.org/wiki/Wikipedia:Disruptive_editing
Wikipedia:Do Not Disrupt Wikipedia To Illustrate A Point,https://en.wikipedia.org/wiki/Wikipedia:Do_not_disrupt_Wikipedia_to_illustrate_a_point
Wikipedia:Etiquette,https://en.wikipedia.org/wiki/Wikipedia:Etiquette
Wikipedia:Gaming The System,https://en.wikipedia.org/wiki/Wikipedia:Gaming_the_system
Wikipedia:Please Do Not Bite The Newcomers,https://en.wikipedia.org/wiki/Wikipedia:Please_do_not_bite_the_newcomers
Wikipedia:Courtesy Vanishing,https://en.wikipedia.org/wiki/Wikipedia:Courtesy_vanishing
Wikipedia:Responding To Threats Of Harm,https://en.wikipedia.org/wiki/Wikipedia:Responding_to_threats_of_harm
Wikipedia:Talk Page Guidelines,https://en.wikipedia.org/wiki/Wikipedia:Talk_page_guidelines
Wikipedia:Signatures,https://en.wikipedia.org/wiki/Wikipedia:Signatures
Wikipedia:Deletion Policy,https://en.wikipedia.org/wiki/Wikipedia:Deletion_policy
Wikipedia:Proposed Deletion,https://en.wikipedia.org/wiki/Wikipedia:Proposed_deletion
Wikipedia:Proposed Deletion Of Biographies Of Living People,https://en.wikipedia.org/wiki/Wikipedia:Proposed_deletion_of_biographies_of_living_people
Wikipedia:Criteria For Speedy Deletion,https://en.wikipedia.org/wiki/Wikipedia:Criteria_for_speedy_deletion
Wikipedia:Attack Page,https://en.wikipedia.org/wiki/Wikipedia:Attack_page
Wikipedia:Oversight,https://en.wikipedia.org/wiki/Wikipedia:Oversight
Wikipedia:Revision Deletion,https://en.wikipedia.org/wiki/Wikipedia:Revision_deletion
Wikipedia:Administrators,https://en.wikipedia.org/wiki/Wikipedia:Administrators
Wikipedia:Banning Policy,https://en.wikipedia.org/wiki/Wikipedia:Banning_policy
Wikipedia:Blocking Policy,https://en.wikipedia.org/wiki/Wikipedia:Blocking_policy
Wikipedia:Protection Policy,https://en.wikipedia.org/wiki/Wikipedia:Protection_policy
Wikipedia:Editing Policy,https://en.wikipedia.org/wiki/Wikipedia:Editing_policy
Wikipedia:Article Size,https://en.wikipedia.org/wiki/Wikipedia:Article_size
Wikipedia:Summary Style,https://en.wikipedia.org/wiki/Wikipedia:Summary_style
Wikipedia:Be Bold,https://en.wikipedia.org/wiki/Wikipedia:Be_bold
Wikipedia:Disambiguation,https://en.wikipedia.org/wiki/Wikipedia:Disambiguation
Wikipedia:Hatnote,https://en.wikipedia.org/wiki/Wikipedia:Hatnote
Wikipedia:Broad-Concept Article,https://en.wikipedia.org/wiki/Wikipedia:Broad-concept_article
Wikipedia:Make Technical Articles Understandable,https://en.wikipedia.org/wiki/Wikipedia:Make_technical_articles_understandable
Wikipedia:Manual Of Style,https://en.wikipedia.org/wiki/Wikipedia:Manual_of_Style
Contents,https://en.wikipedia.org/wiki/Wikipedia:Manual_of_Style/Contents
Accessibility,https://en.wikipedia.org/wiki/Wikipedia:Manual_of_Style/Accessibility
Dates And Numbers,https://en.wikipedia.org/wiki/Wikipedia:Manual_of_Style/Dates_and_numbers
Images,https://en.wikipedia.org/wiki/Wikipedia:Manual_of_Style/Images
Layout,https://en.wikipedia.org/wiki/Wikipedia:Manual_of_Style/Layout
Lead Section,https://en.wikipedia.org/wiki/Wikipedia:Manual_of_Style/Lead_section
Linking,https://en.wikipedia.org/wiki/Wikipedia:Manual_of_Style/Linking
Lists,https://en.wikipedia.org/wiki/Wikipedia:Manual_of_Style/Lists
"Wikipedia:Categories, Lists, And Navigation Templates","https://en.wikipedia.org/wiki/Wikipedia:Categories,_lists,_and_navigation_templates"
Wikipedia:Categorization,https://en.wikipedia.org/wiki/Wikipedia:Categorization
Wikipedia:Template Namespace,https://en.wikipedia.org/wiki/Wikipedia:Template_namespace
Wikipedia:Project Namespace,https://en.wikipedia.org/wiki/Wikipedia:Project_namespace
Guide,https://en.wikipedia.org/wiki/Wikipedia:WikiProject_Council/Guide
Wikipedia:User Pages,https://en.wikipedia.org/wiki/Wikipedia:User_pages
Wikipedia:Userboxes,https://en.wikipedia.org/wiki/Wikipedia:Userboxes
Wikipedia:Shortcut,https://en.wikipedia.org/wiki/Wikipedia:Shortcut
Wikipedia:Subpages,https://en.wikipedia.org/wiki/Wikipedia:Subpages
Wikipedia:Principles,https://en.wikipedia.org/wiki/Wikipedia:Principles
Template:Wikiproject Footer,https://en.wikipedia.org/wiki/Template:WikiProject_Footer
Template Talk:Wikiproject Footer,https://en.wikipedia.org/wiki/Template_talk:WikiProject_Footer
Template:Wikiproject Footer,https://en.wikipedia.org/wiki/Special:EditPage/Template:WikiProject_Footer
File:Wikiproject Council With Transparent Background.Svg,https://en.wikipedia.org/wiki/File:WikiProject_Council_with_transparent_background.svg
Wikipedia:Wikiproject Council,https://en.wikipedia.org/wiki/Wikipedia:WikiProject_Council
File:Book Icoline.Svg,https://en.wikipedia.org/wiki/File:Book_icoline.svg
Guide,https://en.wikipedia.org/wiki/Wikipedia:WikiProject_Council/Guide
Wikipedia:Wikiproject Council,https://en.wikipedia.org/wiki/Wikipedia:WikiProject_Council
Wikipedia Talk:Wikiproject Council,https://en.wikipedia.org/wiki/Wikipedia_talk:WikiProject_Council
Guide,https://en.wikipedia.org/wiki/Wikipedia:WikiProject_Council/Guide
Wikiproject,https://en.wikipedia.org/wiki/Wikipedia:WikiProject_Council/Guide/WikiProject
Task Forces,https://en.wikipedia.org/wiki/Wikipedia:WikiProject_Council/Guide/Task_forces
Technical Notes,https://en.wikipedia.org/wiki/Wikipedia:WikiProject_Council/Guide/Technical_notes
Assessment Faq,https://en.wikipedia.org/wiki/Wikipedia:WikiProject_Council/Assessment_FAQ
Work Via Wikiprojects,https://en.wikipedia.org/wiki/Wikipedia:Version_1.0_Editorial_Team/Work_via_WikiProjects
File:People Icon.Svg,https://en.wikipedia.org/wiki/File:People_icon.svg
Directory,https://en.wikipedia.org/wiki/Wikipedia:WikiProject_Council/Directory
Directory,https://en.wikipedia.org/wiki/Wikipedia:WikiProject_Council/Directory
Proposals,https://en.wikipedia.org/wiki/Wikipedia:WikiProject_Council/Proposals
Wikiprojects,https://en.wikipedia.org/wiki/Wikipedia:Miscellany_for_deletion/WikiProjects
Wikiproject Report,https://en.wikipedia.org/wiki/Wikipedia:Wikipedia_Signpost/Series/WikiProject_report
Project Shortcuts,https://en.wikipedia.org/wiki/Wikipedia:Shortcut_directory/Project_shortcuts
Popular Pages,https://en.wikipedia.org/wiki/User:Community_Tech_bot/Popular_pages
Wikipedia:Database Reports,https://en.wikipedia.org/wiki/Wikipedia:Database_reports
Wikiproject Watchers,https://en.wikipedia.org/wiki/Wikipedia:Database_reports/WikiProject_watchers
File:Gnome-Applications-Graphics.Svg,https://en.wikipedia.org/wiki/File:Gnome-applications-graphics.svg
Culture,https://en.wikipedia.org/wiki/Wikipedia:WikiProject_Council/Directory/Culture
Culture#Arts,https://en.wikipedia.org/wiki/Wikipedia:WikiProject_Council/Directory/Culture#Arts
Music,https://en.wikipedia.org/wiki/Wikipedia:WikiProject_Council/Directory/Culture/Music
Culture#Performing Arts,https://en.wikipedia.org/wiki/Wikipedia:WikiProject_Council/Directory/Culture#Performing_arts
Culture#Plastic Arts,https://en.wikipedia.org/wiki/Wikipedia:WikiProject_Council/Directory/Culture#Plastic_arts
Culture#Visual Arts,https://en.wikipedia.org/wiki/Wikipedia:WikiProject_Council/Directory/Culture#Visual_arts
Culture#Broadcasting,https://en.wikipedia.org/wiki/Wikipedia:WikiProject_Council/Directory/Culture#Broadcasting
Culture#Crafts And Hobbies,https://en.wikipedia.org/wiki/Wikipedia:WikiProject_Council/Directory/Culture#Crafts_and_hobbies
Culture#Entertainment,https://en.wikipedia.org/wiki/Wikipedia:WikiProject_Council/Directory/Culture#Entertainment
Games,https://en.wikipedia.org/wiki/Wikipedia:WikiProject_Council/Directory/Culture/Games
Culture#Food And Drink,https://en.wikipedia.org/wiki/Wikipedia:WikiProject_Council/Directory/Culture#Food_and_drink
Culture#Internet Culture,https://en.wikipedia.org/wiki/Wikipedia:WikiProject_Council/Directory/Culture#Internet_culture
Language And Literature,https://en.wikipedia.org/wiki/Wikipedia:WikiProject_Council/Directory/Culture/Language_and_literature
Language And Literature#Biography,https://en.wikipedia.org/wiki/Wikipedia:WikiProject_Council/Directory/Culture/Language_and_literature#Biography
Language And Literature#Linguistics,https://en.wikipedia.org/wiki/Wikipedia:WikiProject_Council/Directory/Culture/Language_and_literature#Linguistics
Culture#Media,https://en.wikipedia.org/wiki/Wikipedia:WikiProject_Council/Directory/Culture#Media
Philosophy And Religion,https://en.wikipedia.org/wiki/Wikipedia:WikiProject_Council/Directory/Culture/Philosophy_and_religion
Sports,https://en.wikipedia.org/wiki/Wikipedia:WikiProject_Council/Directory/Culture/Sports
File:Ambox Globe.Svg,https://en.wikipedia.org/wiki/File:Ambox_globe.svg
Geographical,https://en.wikipedia.org/wiki/Wikipedia:WikiProject_Council/Directory/Geographical
Geographical#Bodies Of Water,https://en.wikipedia.org/wiki/Wikipedia:WikiProject_Council/Directory/Geographical#Bodies_of_water
Geographical#Cities,https://en.wikipedia.org/wiki/Wikipedia:WikiProject_Council/Directory/Geographical#Cities
Geographical#Countries,https://en.wikipedia.org/wiki/Wikipedia:WikiProject_Council/Directory/Geographical#Countries
Africa,https://en.wikipedia.org/wiki/Wikipedia:WikiProject_Council/Directory/Geographical/Africa
Americas,https://en.wikipedia.org/wiki/Wikipedia:WikiProject_Council/Directory/Geographical/Americas
Asia,https://en.wikipedia.org/wiki/Wikipedia:WikiProject_Council/Directory/Geographical/Asia
Europe,https://en.wikipedia.org/wiki/Wikipedia:WikiProject_Council/Directory/Geographical/Europe
Oceania,https://en.wikipedia.org/wiki/Wikipedia:WikiProject_Council/Directory/Geographical/Oceania
Geographical#Landforms,https://en.wikipedia.org/wiki/Wikipedia:WikiProject_Council/Directory/Geographical#Landforms
Geographical#Maps,https://en.wikipedia.org/wiki/Wikipedia:WikiProject_Council/Directory/Geographical#Maps
"Geographical#Parks, Conservation Areas, And Historical Sites","https://en.wikipedia.org/wiki/Wikipedia:WikiProject_Council/Directory/Geographical#Parks,_conservation_areas,_and_historical_sites"
File:System-Users.Svg,https://en.wikipedia.org/wiki/File:System-users.svg
History And Society,https://en.wikipedia.org/wiki/Wikipedia:WikiProject_Council/Directory/History_and_society
History And Society#History And Society,https://en.wikipedia.org/wiki/Wikipedia:WikiProject_Council/Directory/History_and_society#History_and_society
History And Society#Business And Economics,https://en.wikipedia.org/wiki/Wikipedia:WikiProject_Council/Directory/History_and_society#Business_and_economics
History And Society#Education,https://en.wikipedia.org/wiki/Wikipedia:WikiProject_Council/Directory/History_and_society#Education
History And Society#Military And Warfare,https://en.wikipedia.org/wiki/Wikipedia:WikiProject_Council/Directory/History_and_society#Military_and_warfare
History And Society#Politics And Government,https://en.wikipedia.org/wiki/Wikipedia:WikiProject_Council/Directory/History_and_society#Politics_and_government
History And Society#Transportation,https://en.wikipedia.org/wiki/Wikipedia:WikiProject_Council/Directory/History_and_society#Transportation
File:Tango Atom.Svg,https://en.wikipedia.org/wiki/File:Tango_atom.svg
Science,https://en.wikipedia.org/wiki/Wikipedia:WikiProject_Council/Directory/Science
Science#Science,https://en.wikipedia.org/wiki/Wikipedia:WikiProject_Council/Directory/Science#Science
Science#Biology,https://en.wikipedia.org/wiki/Wikipedia:WikiProject_Council/Directory/Science#Biology
Science#Chemistry,https://en.wikipedia.org/wiki/Wikipedia:WikiProject_Council/Directory/Science#Chemistry
Science#Economics,https://en.wikipedia.org/wiki/Wikipedia:WikiProject_Council/Directory/Science#Economics
Science#Geosciences,https://en.wikipedia.org/wiki/Wikipedia:WikiProject_Council/Directory/Science#Geosciences
Science#Information Science,https://en.wikipedia.org/wiki/Wikipedia:WikiProject_Council/Directory/Science#Information_science
Science#Mathematics,https://en.wikipedia.org/wiki/Wikipedia:WikiProject_Council/Directory/Science#Mathematics
Science#Medicine,https://en.wikipedia.org/wiki/Wikipedia:WikiProject_Council/Directory/Science#Medicine
Science#Meteorology,https://en.wikipedia.org/wiki/Wikipedia:WikiProject_Council/Directory/Science#Meteorology
Science#Physics,https://en.wikipedia.org/wiki/Wikipedia:WikiProject_Council/Directory/Science#Physics
Science#Space,https://en.wikipedia.org/wiki/Wikipedia:WikiProject_Council/Directory/Science#Space
Science#Technology,https://en.wikipedia.org/wiki/Wikipedia:WikiProject_Council/Directory/Science#Technology
Science#Time,https://en.wikipedia.org/wiki/Wikipedia:WikiProject_Council/Directory/Science#Time
File:Tango Style Wikipedia Icon.Svg,https://en.wikipedia.org/wiki/File:Tango_style_Wikipedia_Icon.svg
Wikipedia,https://en.wikipedia.org/wiki/Wikipedia:WikiProject_Council/Directory/Wikipedia
Wikipedia#Contents Systems,https://en.wikipedia.org/wiki/Wikipedia:WikiProject_Council/Directory/Wikipedia#Contents_systems
Wikipedia#Maintenance,https://en.wikipedia.org/wiki/Wikipedia:WikiProject_Council/Directory/Wikipedia#Maintenance
Wikipedia#Files,https://en.wikipedia.org/wiki/Wikipedia:WikiProject_Council/Directory/Wikipedia#Files
Wikipedia#Article Improvement And Grading,https://en.wikipedia.org/wiki/Wikipedia:WikiProject_Council/Directory/Wikipedia#Article_improvement_and_grading
Wikipedia#Classroom Projects,https://en.wikipedia.org/wiki/Wikipedia:WikiProject_Council/Directory/Wikipedia#Classroom_projects
Wikipedia#Wikiprojects,https://en.wikipedia.org/wiki/Wikipedia:WikiProject_Council/Directory/Wikipedia#WikiProjects
Help:Category,https://en.wikipedia.org/wiki/Help:Category
Category:Active Wikiprojects,https://en.wikipedia.org/wiki/Category:Active_WikiProjects
Category:Wikiproject Companies,https://en.wikipedia.org/wiki/Category:WikiProject_Companies
Category:Business And Economics Wikiprojects,https://en.wikipedia.org/wiki/Category:Business_and_economics_WikiProjects
Category:Wikiprojects Participating In Wikipedia 1.0 Assessments,https://en.wikipedia.org/wiki/Category:WikiProjects_participating_in_Wikipedia_1.0_assessments
Wikipedia:Text Of The Creative Commons Attribution-Sharealike 4.0 International License,https://en.wikipedia.org/wiki/Wikipedia:Text_of_the_Creative_Commons_Attribution-ShareAlike_4.0_International_License
Wikipedia:About,https://en.wikipedia.org/wiki/Wikipedia:About
Wikipedia:General Disclaimer,https://en.wikipedia.org/wiki/Wikipedia:General_disclaimer
